{"cameraMode":{"drawMode":0,"name":"Shaded","section":"Shading Mode"},"sceneLighting":true,"audioPlay":false,"sceneViewState":{"showFog":true,"showMaterialUpdate":true,"showSkybox":true,"showFlares":true,"showImageEffects":true,"showParticleSystems":true},"in2DMode":false,"pivot":{"x":-74.18002319335938,"y":230.2698974609375,"z":227.623046875},"rotation":{"x":-0.01080563385039568,"y":0.02759164571762085,"z":-0.00029784993967041373,"w":-0.9995646476745606},"size":336.1757507324219,"orthographic":false}