{"cameraMode":{"drawMode":0,"name":"Shaded","section":"Shading Mode"},"sceneLighting":true,"audioPlay":false,"sceneViewState":{"showFog":true,"showMaterialUpdate":true,"showSkybox":true,"showFlares":true,"showImageEffects":true,"showParticleSystems":true},"in2DMode":false,"pivot":{"x":-0.07231652736663819,"y":0.25707536935806277,"z":-0.08185887336730957},"rotation":{"x":-0.06500086933374405,"y":0.9109206795692444,"z":-0.15759418904781342,"w":-0.3757159113883972},"size":3.894014596939087,"orthographic":false}