{"cameraMode":{"drawMode":0,"name":"Shaded","section":"Shading Mode"},"sceneLighting":true,"audioPlay":false,"sceneViewState":{"showFog":true,"showMaterialUpdate":true,"showSkybox":true,"showFlares":true,"showImageEffects":true,"showParticleSystems":true},"in2DMode":false,"pivot":{"x":10.470571517944336,"y":-8.02212142944336,"z":3.200511932373047},"rotation":{"x":-0.031692054122686389,"y":0.9221279621124268,"z":-0.37776291370391848,"w":-0.07736209034919739},"size":23.261451721191408,"orthographic":false}